Name,cbo,wmc,dit,rfc,lcom,tcc,lcc,totalMethodsQty,staticMethodsQty,publicMethodsQty,privateMethodsQty,protectedMethodsQty,defaultMethodsQty,visibleMethodsQty,abstractMethodsQty,finalMethodsQty,synchronizedMethodsQty,totalFieldsQty,staticFieldsQty,publicFieldsQty,privateFieldsQty,protectedFieldsQty,defaultFieldsQty,finalFieldsQty,synchronizedFieldsQty,nosi,loc,returnQty,loopQty,comparisonsQty,tryCatchQty,parenthesizedExpsQty,stringLiteralsQty,numbersQty,assignmentsQty,mathOperationsQty,variablesQty,maxNestedBlocksQty,anonymousClassesQty,innerClassesQty,lambdasQty,uniqueWordsQty,modifiers,logStatementsQty,NOF,NOPF,NOM,NOPM,NC,LCOM,FANIN,FANOUT,is_Mega
E:\githubdocu\MASPro\mall-swarm-master\mall-swarm-master\mall-admin,1019,752,167,909,556,0.146150286,0.151057693,539,1,332,12,0,195,527,0,0,0,262,5,0,262,0,0,5,0,17,3302,438,21,40,6,1,900,183,439,44,701,60,0,1,13,3700,162,6,266,0,539,332,0,-0.534490113,3,3,1
E:\githubdocu\MASPro\mall-swarm-master\mall-swarm-master\mall-auth,93,34,17,82,47,-0.394444444,-0.394444444,26,1,23,0,1,2,26,0,0,0,26,7,7,19,0,0,11,0,0,177,17,0,3,0,1,58,11,22,4,40,2,0,0,1,313,14,0,7,26,23,0,0,-0.507936508,2,2,0
E:\githubdocu\MASPro\mall-swarm-master\mall-swarm-master\mall-common,75,139,18,147,728,-0.167090513,-0.146611208,126,14,82,6,2,36,120,1,0,0,45,1,0,36,0,9,1,0,9,504,68,1,7,0,1,26,8,71,3,90,6,0,0,0,421,1039,1,45,0,126,82,1,-0.548888889,5,5,0
E:\githubdocu\MASPro\mall-swarm-master\mall-swarm-master\mall-demo,110,61,19,50,123,0.235897436,0.235897436,53,1,40,0,0,13,53,0,0,0,18,1,0,18,0,0,1,0,1,249,30,2,5,0,0,85,6,31,0,35,6,0,0,0,300,18,8,18,0,53,40,0,-0.472222222,1,1,0
E:\githubdocu\MASPro\mall-swarm-master\mall-swarm-master\mall-gateway,100,33,14,142,7,-0.366666666,-0.366666666,17,1,16,1,0,0,16,0,0,0,15,1,0,15,0,0,8,0,5,204,23,3,1,2,2,28,1,42,2,56,6,0,0,6,301,13,2,15,0,17,16,0,-0.25,1,1,0
E:\githubdocu\MASPro\mall-swarm-master\mall-swarm-master\mall-mbg,830,13571,611,1340,841698,0.194927282,0.564546922,13014,1,11312,1,845,856,13013,0,0,0,1661,79,0,1357,304,0,79,0,1,93376,10335,5,395,0,0,17361,231,2514,163,1980,231,0,228,0,11919,80334,0,2345,0,22917,20446,76,-0.12058889,228,228,1
E:\githubdocu\MASPro\mall-swarm-master\mall-swarm-master\mall-monitor,13,4,4,20,0,1,1,4,1,3,0,1,0,4,0,0,0,1,0,0,1,0,0,1,0,0,21,0,0,0,0,0,8,0,2,7,2,0,0,0,0,40,3,0,1,0,4,3,0,-2,1,1,0
E:\githubdocu\MASPro\mall-swarm-master\mall-swarm-master\mall-portal,572,577,88,722,1343,0.157012145,0.167610435,393,3,248,44,0,101,349,0,0,0,190,3,0,190,0,0,1,0,17,2564,256,48,53,0,3,388,193,426,34,543,26,3,1,6,2049,87,3,194,0,404,259,1,-0.358541107,3,3,1
E:\githubdocu\MASPro\mall-swarm-master\mall-swarm-master\mall-search,75,113,14,99,684,0.119488534,0.171075838,90,1,79,1,0,10,89,0,0,0,38,3,0,38,0,0,3,0,2,503,49,6,9,0,9,87,31,95,0,100,3,0,1,0,331,21,2,41,0,96,85,0,-0.213675214,4,4,0
E:\githubdocu\MASPro\micro-service-blog-project-master\blog-cloud-admin-platform,3,1,1,1,0,NaN,NaN,1,1,1,0,0,0,1,0,0,0,0,0,0,0,0,0,0,0,0,5,0,0,0,0,0,0,0,0,0,0,0,0,0,0,5,1,0,0,0,1,1,0,0,1,1,0
E:\githubdocu\MASPro\micro-service-blog-project-master\blog-cloud-auth,75,29,9,73,43,0.207142857,0.207142857,22,1,21,0,1,0,22,0,0,0,14,0,0,14,0,0,2,0,3,156,17,0,2,1,1,39,0,20,4,34,6,0,0,2,203,7,0,14,0,22,21,0,0.053571429,5,5,0
E:\githubdocu\MASPro\micro-service-blog-project-master\blog-cloud-common\blog-cloud-common-utils,28,108,8,68,54,-0.078282827,-0.073232322,61,19,60,1,0,0,60,0,0,0,25,1,0,5,0,20,1,0,8,485,77,1,4,25,2,31,23,56,2,47,6,0,0,0,234,24,2,25,0,61,60,0,-3.916666667,4,4,0
E:\githubdocu\MASPro\micro-service-blog-project-master\blog-cloud-config,4,1,1,1,0,NaN,NaN,1,1,1,0,0,0,1,0,0,0,0,0,0,0,0,0,0,0,0,5,0,0,0,0,0,0,0,0,0,0,0,0,0,0,5,1,0,0,0,1,1,0,-1,1,1,0
E:\githubdocu\MASPro\micro-service-blog-project-master\blog-cloud-eurake-server,4,1,1,1,0,NaN,NaN,1,1,1,0,0,0,1,0,0,0,0,0,0,0,0,0,0,0,0,5,0,0,0,0,0,0,0,0,0,0,0,0,0,0,6,1,0,0,0,1,1,0,-1,1,1,0
E:\githubdocu\MASPro\micro-service-blog-project-master\blog-cloud-gateway,89,26,12,108,18,0.055555557,0.055555557,21,2,16,3,0,2,18,0,0,0,8,2,2,6,0,0,6,0,0,166,24,0,2,0,1,31,2,34,1,53,5,0,0,15,212,11,1,8,2,21,16,0,-0.271212121,5,5,0
E:\githubdocu\MASPro\micro-service-blog-project-master\blog-cloud-mybatis-generate,10,6,1,52,3,NaN,NaN,3,3,1,2,0,0,1,0,0,0,11,11,0,11,0,0,4,0,3,188,1,2,0,0,0,48,7,35,10,26,2,13,0,0,84,1,0,11,0,16,14,0,0,1,1,0
E:\githubdocu\MASPro\micro-service-blog-project-master\blog-cloud-provider\blog-cloud-provider-oauth,232,22,75,49,3,0.048387097,-0.821428571,19,2,14,1,0,4,18,0,0,0,182,16,0,182,0,0,22,0,1,378,9,0,3,0,0,154,16,32,0,192,1,0,0,1,1021,62,0,182,0,19,14,0,-0.935483871,26,26,1
E:\githubdocu\MASPro\micro-service-blog-project-master\blog-cloud-provider-api\blog-cloud-provider-oauth-api,30,3,8,0,0,-1,-1,3,0,0,0,0,3,3,0,0,0,61,4,0,61,0,0,4,0,0,80,0,0,0,0,0,45,4,4,0,61,0,0,0,0,194,8,0,61,0,3,0,0,-1,0,0,0
E:\githubdocu\MASPro\microservice-master\microservice-demo\microservice-demo-catalog,86,58,16,66,96,0.204882151,0.259427606,55,2,49,3,1,2,52,0,0,0,19,0,0,19,0,0,6,0,3,264,29,0,2,0,1,66,10,42,8,41,1,1,1,2,225,19,0,19,0,56,50,0,-2.090909091,13,13,0
E:\githubdocu\MASPro\microservice-master\microservice-demo\microservice-demo-customer,84,68,15,83,212,0.264040624,0.389285715,65,2,60,3,1,1,62,0,0,0,23,0,0,22,0,1,1,0,4,323,34,0,1,1,2,85,8,60,11,51,2,1,1,2,234,17,0,23,0,66,61,0,-2.459383754,12,12,0
E:\githubdocu\MASPro\microservice-master\microservice-demo\microservice-demo-eureka-server,11,3,2,4,0,1,1,3,1,3,0,0,0,3,0,0,0,2,0,0,2,0,0,0,0,0,17,0,0,0,0,0,3,1,4,2,4,0,0,0,0,17,2,0,2,0,3,3,0,-1,1,1,0
E:\githubdocu\MASPro\microservice-master\microservice-demo\microservice-demo-order,143,111,26,152,266,0.117606477,0.193439385,99,2,91,6,2,0,93,0,0,0,44,0,0,42,0,2,2,0,13,509,60,0,8,2,4,98,25,88,9,82,7,1,2,6,387,29,2,44,0,100,92,0,-0.323169778,29,29,0
E:\githubdocu\MASPro\microservice-master\microservice-demo\microservice-demo-turbine-server,5,1,1,1,0,NaN,NaN,1,1,1,0,0,0,1,0,0,0,0,0,0,0,0,0,0,0,0,5,0,0,0,0,0,0,0,0,0,0,0,0,0,0,4,1,0,0,0,1,1,0,-1,1,1,0
E:\githubdocu\MASPro\microservice-master\microservice-demo\microservice-demo-zuul-server,4,1,1,1,0,NaN,NaN,1,1,1,0,0,0,1,0,0,0,0,0,0,0,0,0,0,0,0,5,0,0,0,0,0,0,0,0,0,0,0,0,0,0,6,1,0,0,0,1,1,0,-1,0,0,0
E:\githubdocu\MASPro\microservices-event-sourcing-master\account-service,85,90,20,26,268,0.197788637,0.546574426,88,1,86,0,0,2,88,0,0,0,39,0,0,39,0,0,0,0,1,369,41,0,2,0,0,59,1,60,12,51,2,0,1,5,242,22,0,39,0,89,87,0,-0.208512123,15,15,0
E:\githubdocu\MASPro\microservices-event-sourcing-master\catalog-service,32,50,9,27,59,0.312909319,0.515873014,41,1,40,0,0,1,41,0,0,0,16,0,0,16,0,0,0,0,7,168,27,0,12,0,2,25,5,25,10,23,1,0,0,2,122,8,0,16,0,41,40,0,-0.347222222,8,8,0
E:\githubdocu\MASPro\microservices-event-sourcing-master\config-service,3,1,1,1,0,NaN,NaN,1,1,1,0,0,0,1,0,0,0,0,0,0,0,0,0,0,0,0,5,0,0,0,0,0,0,0,0,0,0,0,0,0,0,6,1,0,0,0,1,1,0,-1,1,1,0
E:\githubdocu\MASPro\microservices-event-sourcing-master\discovery-service,3,1,1,1,0,NaN,NaN,1,1,1,0,0,0,1,0,0,0,0,0,0,0,0,0,0,0,0,5,0,0,0,0,0,0,0,0,0,0,0,0,0,0,6,1,0,0,0,1,1,0,-1,1,1,0
E:\githubdocu\MASPro\microservices-event-sourcing-master\edge-service,6,1,1,1,0,NaN,NaN,1,1,1,0,0,0,1,0,0,0,0,0,0,0,0,0,0,0,0,5,0,0,0,0,0,0,0,0,0,0,0,0,0,0,21,1,0,0,0,1,1,0,-1,1,1,0
E:\githubdocu\MASPro\microservices-event-sourcing-master\hystrix-dashboard,3,1,1,1,0,NaN,NaN,1,1,1,0,0,0,1,0,0,0,0,0,0,0,0,0,0,0,0,5,0,0,0,0,0,0,0,0,0,0,0,0,0,0,6,1,0,0,0,1,1,0,-1,1,1,0
E:\githubdocu\MASPro\microservices-event-sourcing-master\inventory-service,104,111,22,63,276,0.062868128,0.297856841,107,1,101,1,0,5,106,0,0,0,45,0,0,44,0,1,0,0,17,444,50,1,1,0,1,114,21,77,14,70,3,0,1,8,306,27,1,47,0,108,102,0,-0.388579165,25,25,0
E:\githubdocu\MASPro\microservices-event-sourcing-master\online-store-app,8,2,2,13,1,0,0,2,1,1,0,1,0,2,0,0,0,0,0,0,0,0,0,0,0,0,8,0,0,0,0,0,7,0,0,0,0,0,0,0,0,17,1,0,0,0,2,1,0,-1,1,1,0
E:\githubdocu\MASPro\microservices-event-sourcing-master\order-service,79,148,27,65,352,0.293470041,0.779365078,134,1,132,0,0,2,134,0,0,0,54,0,0,54,0,0,1,0,10,540,74,0,9,1,0,77,1,74,22,74,4,0,1,15,362,27,1,56,0,135,133,0,-5.69047619,9,9,0
E:\githubdocu\MASPro\microservices-event-sourcing-master\payment-service,2,1,1,1,0,NaN,NaN,1,1,1,0,0,0,1,0,0,0,0,0,0,0,0,0,0,0,0,5,0,0,0,0,0,0,0,0,0,0,0,0,0,0,6,1,0,0,0,1,1,0,-1,1,1,0
E:\githubdocu\MASPro\microservices-event-sourcing-master\shopping-cart-service,92,181,28,96,312,0.402647503,0.850844526,164,2,163,0,0,1,164,0,0,0,62,1,1,61,0,0,2,0,17,674,89,0,9,2,3,110,7,108,33,94,5,0,1,16,491,29,2,66,1,165,164,0,-0.137458573,18,18,0
E:\githubdocu\MASPro\microservices-event-sourcing-master\user-service,95,50,23,77,36,0.28409091,0.408333338,43,1,40,1,1,1,42,0,0,0,15,0,0,15,0,0,1,0,5,236,28,0,2,1,1,75,4,26,4,34,4,0,2,6,248,34,1,15,0,45,42,0,-0.44,8,8,0
E:\githubdocu\MASPro\MSoft-master\msoft-admin,241,207,72,304,95,-0.49906015,-0.49906015,70,3,59,7,3,1,63,0,0,0,51,2,0,42,0,9,1,0,24,1134,56,9,19,4,3,319,121,191,21,192,27,2,9,25,673,108,1,76,0,79,68,0,-0.680272109,23,23,1
E:\githubdocu\MASPro\MSoft-master\msoft-auth,73,19,20,77,7,-0.571428571,-0.571428571,14,1,12,0,1,1,14,0,0,0,10,0,0,7,0,3,0,0,7,128,11,0,0,0,0,36,4,25,0,37,4,0,0,2,188,13,0,10,0,14,12,0,-0.615384615,6,6,0
E:\githubdocu\MASPro\MSoft-master\msoft-blog,25,5,14,2,0,-0.714285714,-0.714285714,5,1,4,0,0,1,5,0,0,0,1,0,0,1,0,0,0,0,0,32,3,0,0,0,0,8,3,0,0,1,0,0,0,0,52,9,0,1,0,5,4,0,-0.888888889,2,2,0
E:\githubdocu\MASPro\MSoft-master\msoft-core,675,699,171,959,1184,-0.253622461,-0.241762328,363,91,288,28,29,18,338,3,0,0,298,35,17,261,7,13,23,0,223,3335,349,21,76,76,20,278,81,408,23,583,80,9,18,42,2380,3306,51,358,17,392,311,1,-0.505479322,155,155,1
E:\githubdocu\MASPro\MSoft-master\msoft-es,11,2,2,4,0,NaN,NaN,2,1,2,0,0,0,2,0,0,0,1,0,0,1,0,0,0,0,0,12,1,0,0,0,0,2,0,1,0,2,0,0,0,0,21,2,0,1,0,2,2,0,-1,1,1,0
E:\githubdocu\MASPro\MSoft-master\msoft-gateway,42,18,8,61,22,-0.2,-0.2,16,1,15,1,0,0,15,0,0,0,2,1,1,1,0,0,1,0,1,113,18,0,0,0,0,13,3,13,0,23,5,0,1,6,113,15,3,3,1,16,15,0,-5,3,3,0
E:\githubdocu\MASPro\MSoft-master\msoft-member,25,3,11,24,0,-1,-1,3,1,3,0,0,0,3,0,0,0,1,0,0,0,0,1,0,0,0,45,4,0,0,0,0,8,0,8,0,14,1,0,0,5,45,7,0,1,0,3,3,0,-0.857142857,2,2,0
E:\githubdocu\MASPro\open-capacity-platform-master\api-gateway,66,27,15,50,19,0.044444445,0.044444445,23,1,20,1,0,2,22,0,0,0,7,4,2,5,0,0,4,0,0,192,18,0,1,1,1,27,8,23,1,24,3,1,1,0,208,20,1,7,2,30,27,0,-0.5625,2,2,0
E:\githubdocu\MASPro\open-capacity-platform-master\business-center\back-center,1391,3345,319,2806,7183,0.203956449,0.239621468,1483,189,1173,78,25,207,1410,6,2,1,695,245,120,499,29,47,233,0,416,12797,1126,287,803,72,103,3409,853,2457,346,2196,293,5,10,19,8776,5501,41,712,120,1525,1204,42,-0.231936074,132,132,1
E:\githubdocu\MASPro\open-capacity-platform-master\inner-intergration\security-core,410,490,93,488,1990,0.02194421,0.0326842,311,86,259,29,10,13,285,0,15,0,165,55,8,157,0,0,54,0,77,3377,282,15,73,14,19,209,104,317,87,334,63,6,18,3,1979,2418,14,186,10,531,436,6,-0.282965279,48,48,1
E:\githubdocu\MASPro\open-capacity-platform-master\job-center,506,935,111,1019,1840,0.272059579,0.356032249,481,87,459,20,2,0,462,2,1,0,266,97,26,237,1,2,35,0,372,4155,375,41,197,64,60,648,216,741,112,643,118,9,3,0,2892,2171,91,271,26,502,480,11,-0.075529162,133,133,1
E:\githubdocu\MASPro\open-capacity-platform-master\monitor-center,12,3,2,8,0,1,1,3,1,3,0,0,0,3,0,0,0,1,0,0,1,0,0,0,0,0,29,2,0,0,0,0,16,0,4,1,5,0,0,0,0,27,2,0,1,0,3,3,0,-0.5,1,1,0
E:\githubdocu\MASPro\open-capacity-platform-master\new-api-gateway,74,38,11,91,26,0.361111112,0.361111112,24,2,18,2,4,0,22,0,0,0,16,4,1,15,0,0,12,0,3,212,28,0,6,1,2,31,6,41,3,47,9,0,0,7,221,9,0,16,1,24,18,0,0.009259259,3,3,0
E:\githubdocu\MASPro\open-capacity-platform-master\oauth-center,402,297,69,428,261,0.145506625,0.158401958,192,8,130,12,7,43,180,0,0,0,108,28,0,108,0,0,26,0,18,1680,102,5,46,16,4,366,27,216,65,276,26,18,5,5,1363,77,16,121,1,215,152,2,-0.347433908,9,9,1
E:\githubdocu\MASPro\open-capacity-platform-master\register-center,12,4,2,4,2,0,0,4,1,4,0,0,0,4,0,0,0,2,1,0,2,0,0,1,0,0,19,3,0,0,0,0,4,0,2,0,3,0,0,0,0,22,2,0,2,0,4,4,0,0,1,1,0
E:\githubdocu\MASPro\open-capacity-platform-master\tuning-center,7,2,1,6,0,NaN,NaN,1,0,1,0,0,0,1,0,0,0,2,1,1,1,0,0,1,0,0,20,0,0,1,1,0,5,2,7,1,6,2,0,0,0,33,1,0,2,1,1,1,0,0,0,0,0
E:\githubdocu\MASPro\paascloud-master-master\paascloud-common,950,934,274,1060,1027,-0.186212606,-0.166579867,591,120,413,69,27,82,523,1,2,2,596,165,65,495,8,28,182,0,187,4585,360,35,106,43,23,526,198,816,63,944,101,4,20,5,5547,4510,79,686,87,624,435,19,-0.317553348,195,195,1
E:\githubdocu\MASPro\paascloud-master-master\paascloud-discovery,4,1,1,1,0,NaN,NaN,1,1,1,0,0,0,1,0,0,0,0,0,0,0,0,0,0,0,0,5,0,0,0,0,0,0,0,0,0,0,0,0,0,0,15,1,0,0,0,1,1,0,-1,1,1,0
E:\githubdocu\MASPro\paascloud-master-master\paascloud-eureka,3,1,1,1,0,NaN,NaN,1,1,1,0,0,0,1,0,0,0,0,0,0,0,0,0,0,0,0,5,0,0,0,0,0,0,0,0,0,0,0,0,0,0,15,1,0,0,0,1,1,0,-1,1,1,0
E:\githubdocu\MASPro\paascloud-master-master\paascloud-gateway,40,28,8,38,27,0,0,17,1,13,3,1,0,14,0,0,0,7,6,0,7,0,0,6,0,0,127,15,0,0,2,0,28,6,18,1,19,3,0,0,0,157,5,5,7,0,23,19,0,-0.28,1,1,0
E:\githubdocu\MASPro\paascloud-master-master\paascloud-generator,22,15,6,26,15,0,0,15,10,10,5,0,0,10,0,0,0,0,0,0,0,0,0,0,0,1,67,5,0,0,0,0,17,0,10,0,10,0,0,0,0,105,5,0,0,0,15,10,0,-1,5,5,0
E:\githubdocu\MASPro\paascloud-master-master\paascloud-monitor,14,3,3,22,1,0,0,3,1,2,0,1,0,3,0,0,0,0,0,0,0,0,0,0,0,0,13,1,0,0,0,0,14,3,0,0,0,0,0,0,0,42,2,0,0,0,3,2,0,-1,1,1,0
E:\githubdocu\MASPro\paascloud-master-master\paascloud-provider,2813,1844,525,2879,2660,-0.162769793,-0.156464975,1096,34,624,83,4,385,1014,0,0,0,1076,119,6,1055,3,12,121,0,92,9308,592,95,266,41,6,2347,337,1630,70,2456,169,0,2,18,11561,388,417,1080,6,1105,631,6,-0.494099115,393,393,1
E:\githubdocu\MASPro\paascloud-master-master\paascloud-provider-api,473,197,125,151,276,-0.637921727,-0.634682861,154,4,93,4,0,57,150,0,0,0,390,65,16,362,0,12,65,0,6,1336,54,2,18,4,2,316,67,149,10,445,8,0,12,2,2758,235,37,423,33,165,101,0,-93.69047619,30,30,1
E:\githubdocu\MASPro\paascloud-master-master\paascloud-zipkin,10,3,2,3,1,0,0,3,1,2,0,0,1,3,0,0,0,0,0,0,0,0,0,0,0,0,16,2,0,0,0,0,0,2,1,0,1,0,0,0,0,32,2,0,0,0,3,2,0,-1,1,1,0
E:\githubdocu\MASPro\pig-master\pig-auth,97,29,12,146,48,0.022222223,0.022222223,23,1,20,1,2,0,22,0,0,0,8,0,0,8,0,0,8,0,9,191,16,0,2,0,3,32,3,34,5,45,4,0,0,2,229,7,3,8,0,23,20,0,-2.342857143,1,1,0
E:\githubdocu\MASPro\pig-master\pig-common,722,517,149,880,948,-0.115248165,-0.094046188,303,26,235,47,14,7,256,3,1,0,198,30,3,144,2,49,61,0,98,2673,253,9,90,29,14,296,64,528,72,560,56,2,8,41,2899,3273,23,213,3,316,243,8,-0.424551625,85,85,1
E:\githubdocu\MASPro\pig-master\pig-gateway,97,39,13,148,16,-0.25,-0.25,19,1,16,3,0,0,16,0,0,0,16,7,0,16,0,0,14,0,5,248,29,0,3,3,2,23,8,50,4,67,11,1,0,10,365,11,7,16,0,21,18,0,-0.181818182,5,5,0
E:\githubdocu\MASPro\pig-master\pig-register,209,229,28,280,105,0.336503973,0.412597721,115,4,96,16,3,0,99,0,0,0,85,33,8,73,0,4,38,0,17,969,116,12,19,12,5,161,19,171,32,174,22,0,0,1,994,24,11,85,8,115,96,1,0.087660256,32,32,1
E:\githubdocu\MASPro\pig-master\pig-upms,531,203,104,424,205,-0.297565821,-0.296969696,177,1,111,5,0,61,172,0,0,0,166,16,0,166,0,0,45,0,30,1004,116,1,9,2,1,327,23,97,5,259,11,0,0,15,1567,76,5,166,0,177,111,0,-0.661873434,71,71,1
E:\githubdocu\MASPro\pig-master\pig-visual,1149,3060,226,2630,8679,0.264330979,0.401221374,1489,96,1309,96,33,51,1394,2,1,9,728,134,31,659,32,6,127,0,881,12181,1621,94,683,124,127,1650,1160,1816,406,1625,194,23,6,96,7172,3407,155,736,31,1541,1353,24,-0.130787644,348,348,1
E:\githubdocu\MASPro\synthetic-system-master\synthetic-system-common,80,234,34,263,261,-0.054406926,-0.046787878,109,93,95,14,0,0,95,0,0,0,59,28,13,28,0,18,27,0,75,1050,101,18,42,19,14,117,147,241,62,223,36,1,1,2,831,1051,6,60,13,110,95,1,0.037037037,19,19,0
E:\githubdocu\MASPro\synthetic-system-master\synthetic-system-eureka,7,11,4,25,1,NaN,NaN,4,3,2,1,1,0,3,0,0,0,4,4,0,4,0,0,4,0,4,71,0,0,1,3,0,14,4,15,5,13,4,0,0,0,97,3,0,4,0,4,2,0,-1,1,1,0
E:\githubdocu\MASPro\synthetic-system-master\synthetic-system-hystrix-monitor,5,10,2,18,1,NaN,NaN,3,3,2,1,0,0,2,0,0,0,4,4,0,4,0,0,4,0,4,66,0,0,1,3,0,14,4,15,5,13,4,0,0,0,89,2,0,4,0,3,2,0,0,1,1,0
E:\githubdocu\MASPro\synthetic-system-master\synthetic-system-intermediate-service,68,118,10,159,68,0.304647438,0.3463141,74,43,67,6,0,1,68,0,0,0,21,12,1,20,0,0,10,0,26,523,76,1,14,15,4,72,29,83,26,81,12,1,0,2,396,10,17,21,1,75,68,0,0.246666667,4,4,0
E:\githubdocu\MASPro\synthetic-system-master\synthetic-system-mqmessage,51,48,12,73,20,0.285714286,0.285714286,27,4,19,1,0,7,26,0,0,0,26,4,0,26,0,0,4,0,4,275,12,3,6,3,0,48,6,43,12,60,9,2,0,0,255,12,4,26,0,29,21,0,-0.5,6,6,0
E:\githubdocu\MASPro\synthetic-system-master\synthetic-system-mqmessage-api,8,12,5,17,4,-0.75,-0.75,5,2,4,1,0,0,4,0,0,0,16,4,0,12,0,4,4,0,4,84,0,0,1,3,0,20,7,19,5,25,4,0,0,0,138,5,0,16,0,5,4,0,-0.6,1,1,0
E:\githubdocu\MASPro\synthetic-system-master\synthetic-system-order,99,104,24,171,92,-0.064564006,-0.045083491,68,8,40,2,0,26,66,0,0,0,33,7,0,32,0,1,5,0,10,554,41,8,8,8,0,111,29,84,23,105,18,3,0,1,464,24,7,33,0,71,43,2,-0.494408369,14,14,0
E:\githubdocu\MASPro\synthetic-system-master\synthetic-system-order-api,226,282,51,420,184,-0.056050571,-0.040763776,174,57,130,10,0,34,164,0,0,0,96,27,1,90,0,5,23,0,44,1436,129,12,29,29,4,251,71,229,66,271,43,6,0,3,1253,51,28,96,1,180,136,2,-1.347741703,6.25,25,0
E:\githubdocu\MASPro\synthetic-system-master\synthetic-system-product,46,41,10,73,22,0.13333334,0.13333334,28,4,16,2,0,10,26,0,0,0,21,4,0,21,0,0,4,0,7,223,11,2,3,4,0,33,13,49,11,61,7,0,0,0,245,10,2,21,0,28,16,0,-0.266666667,7,7,0
E:\githubdocu\MASPro\synthetic-system-master\synthetic-system-product-api,9,12,3,17,4,-0.5,-0.5,5,2,4,1,0,0,4,0,0,0,13,4,0,13,0,0,4,0,4,77,0,0,1,3,0,19,4,15,5,22,4,0,0,0,116,3,0,13,0,5,4,0,-0.333333333,1,1,0
E:\githubdocu\MASPro\synthetic-system-master\synthetic-system-user,25,38,7,27,62,0.418181818,0.418181818,31,3,30,1,0,0,30,0,0,0,11,4,0,11,0,0,4,0,4,155,7,0,1,3,0,21,4,24,5,24,4,0,0,0,156,7,0,11,0,31,30,0,-0.207792208,5,5,0
E:\githubdocu\MASPro\synthetic-system-master\synthetic-system-user-api,9,22,4,18,46,0.09090909,0.09090909,15,2,14,1,0,0,14,0,0,0,9,4,0,9,0,0,4,0,4,110,6,0,1,3,0,19,4,21,5,19,4,0,0,0,118,4,0,9,0,15,14,0,-0.454545455,1,1,0
E:\githubdocu\MASPro\train-ticket-master\ts-admin-basic-info-service\,110,122,13,123,196,0.261904762,0.261904762,117,1,96,0,1,20,117,0,0,0,39,2,0,34,0,5,2,0,0,610,49,0,5,0,1,137,3,166,9,159,1,1,0,0,396,12,22,39,0,118,97,1,-3.142857143,8,8,0
E:\githubdocu\MASPro\train-ticket-master\ts-admin-order-service,85,51,9,95,11,0.422222225,0.422222225,35,1,30,0,1,4,35,0,0,0,28,2,0,27,0,1,2,0,0,296,17,0,10,0,1,75,33,77,7,94,2,7,0,0,302,8,16,28,0,36,31,1,-0.172222222,9,9,0
E:\githubdocu\MASPro\train-ticket-master\ts-admin-route-service,83,27,10,65,7,0.111111111,0.111111111,24,1,20,0,1,3,24,0,0,0,25,2,2,22,0,1,2,0,0,155,10,0,3,0,0,33,0,25,2,42,1,3,0,0,260,9,6,25,2,25,21,1,-0.444444444,10,10,0
E:\githubdocu\MASPro\train-ticket-master\ts-admin-travel-service,97,60,14,83,13,0.109090909,0.109090909,44,1,39,0,1,4,44,0,0,0,43,2,0,42,0,1,2,0,0,390,16,0,11,0,0,76,36,107,5,115,2,7,0,0,334,13,15,43,0,45,40,1,-0.262937063,15,15,1
E:\githubdocu\MASPro\train-ticket-master\ts-admin-user-service,94,38,11,71,10,0.133333333,0.133333333,30,1,25,0,1,4,30,0,0,0,35,3,0,34,0,1,3,0,0,225,16,0,8,0,0,51,16,47,6,69,1,5,0,0,286,10,14,35,0,31,26,1,-4.2,11,11,0
E:\githubdocu\MASPro\train-ticket-master\ts-assurance-service,91,79,13,129,42,0.341013075,0.341013075,66,1,52,0,1,13,66,0,0,0,22,2,0,22,0,0,2,0,29,418,30,2,9,0,0,102,42,76,4,89,2,1,0,0,380,12,26,22,0,67,53,1,-0.47167756,11,11,0
E:\githubdocu\MASPro\train-ticket-master\ts-auth-service,188,71,28,205,41,-0.003703703,-0.003703703,57,1,45,3,2,7,54,0,0,0,67,20,12,51,3,1,20,0,19,395,28,0,5,3,0,93,14,73,9,110,5,1,0,2,645,24,15,67,12,58,46,0,-0.133333333,42,42,0
E:\githubdocu\MASPro\train-ticket-master\ts-basic-service,105,63,16,106,10,0.31388889,0.31388889,40,1,35,2,1,2,38,0,0,0,50,2,0,49,0,1,2,0,1,374,21,0,13,1,1,90,24,95,24,106,4,1,0,0,401,15,17,50,0,41,36,1,0.115555556,12,12,1
E:\githubdocu\MASPro\train-ticket-master\ts-cancel-service,98,77,16,133,6,0.205555558,0.205555558,43,2,35,5,1,2,38,0,0,0,60,2,0,58,0,2,2,0,12,502,38,0,29,1,1,124,48,113,16,148,7,11,0,0,434,15,37,60,0,44,36,1,-0.172222222,11,11,1
E:\githubdocu\MASPro\train-ticket-master\ts-common,34,32,15,49,32,-0.333333333,-0.333333333,19,11,10,8,1,0,11,0,0,0,8,4,0,5,0,3,3,0,12,165,15,0,2,4,1,23,1,19,5,21,3,1,0,0,167,7,9,8,0,26,17,1,-0.452380952,5,5,0
E:\githubdocu\MASPro\train-ticket-master\ts-config-service,87,51,11,88,17,0.4983165,0.4983165,45,1,36,0,1,8,45,0,0,0,17,2,0,13,0,4,2,0,0,266,19,0,5,0,0,93,20,47,3,52,1,1,0,0,259,10,15,17,0,46,37,0,-0.148484848,3,3,0
E:\githubdocu\MASPro\train-ticket-master\ts-consign-price-service,87,38,11,95,10,0.478571429,0.478571429,35,1,29,0,1,5,35,0,0,0,21,4,0,18,0,3,4,0,9,230,12,0,1,0,0,45,66,41,5,50,2,1,0,0,321,10,7,21,0,36,30,1,-0.135,16,16,0
E:\githubdocu\MASPro\train-ticket-master\ts-consign-service,97,51,13,117,20,0.14666667,0.14666667,44,1,34,0,1,9,44,0,0,0,39,2,0,36,0,3,2,0,27,323,18,0,5,0,0,103,31,56,10,90,1,5,0,0,382,12,15,39,0,45,35,1,-0.455555556,15,15,0
E:\githubdocu\MASPro\train-ticket-master\ts-contacts-service,92,70,11,131,34,0.400793652,0.400793652,58,1,46,0,1,11,58,0,0,0,19,2,0,17,0,2,2,0,25,372,29,0,10,0,1,103,33,67,6,78,2,1,0,0,344,10,20,19,0,59,47,0,-0.260714286,6,6,0
E:\githubdocu\MASPro\train-ticket-master\ts-delivery-service,26,13,5,11,11,0,0,10,1,5,0,0,5,10,0,0,0,9,2,1,8,0,0,2,0,1,53,3,0,2,1,0,7,0,3,1,10,1,0,0,0,65,5,4,9,1,10,5,0,-0.4,4,4,0
E:\githubdocu\MASPro\train-ticket-master\ts-execute-service,77,51,9,86,6,0.429166668,0.429166668,29,1,22,4,1,2,25,0,0,0,29,2,0,28,0,1,2,0,1,315,29,0,22,0,1,88,52,78,16,78,4,9,0,0,274,8,16,29,0,30,23,1,-0.179166667,9,9,0
E:\githubdocu\MASPro\train-ticket-master\ts-food-map-service,123,80,16,137,41,0.441428577,0.470000004,63,1,45,1,1,16,62,0,0,0,35,4,0,28,0,7,4,0,6,401,23,3,9,2,0,92,37,73,0,87,4,1,0,0,397,15,17,35,0,64,46,1,-0.246666667,24,24,0
E:\githubdocu\MASPro\train-ticket-master\ts-food-service,116,93,18,138,35,0.372429654,0.372429654,62,1,49,0,1,12,62,0,0,0,50,4,1,44,0,5,4,0,15,509,30,6,15,2,1,103,38,84,7,121,4,6,0,1,450,17,29,50,1,63,50,1,-0.083333333,14,14,1
E:\githubdocu\MASPro\train-ticket-master\ts-inside-payment-service,147,124,21,197,53,0.421990742,0.42939815,84,4,65,3,1,15,81,0,0,0,60,3,4,52,0,4,3,0,4,729,44,10,18,0,1,156,55,172,9,194,6,3,0,0,553,20,22,60,4,85,66,1,-0.257638889,20,20,1
E:\githubdocu\MASPro\train-ticket-master\ts-notification-service,108,58,17,129,34,2.39682543,2.39682543,52,1,44,0,1,7,52,0,0,0,63,4,1,40,0,22,4,0,1,415,24,0,1,5,0,79,0,70,4,107,2,1,0,0,374,16,10,63,1,53,45,1,-0.240575397,23,23,0
E:\githubdocu\MASPro\train-ticket-master\ts-order-other-service,137,199,18,280,209,0.404372667,0.419949491,140,1,115,0,1,24,140,0,0,0,69,2,0,64,0,5,2,0,37,1054,63,6,35,0,1,195,106,217,19,222,5,3,0,0,688,17,56,69,0,141,116,0,-0.001143791,8,8,0
E:\githubdocu\MASPro\train-ticket-master\ts-order-service,135,208,18,274,279,0.357206023,0.37252465,148,1,123,0,1,24,148,0,0,0,74,2,0,64,0,10,2,0,40,1118,69,6,35,0,1,218,114,227,19,228,5,3,0,0,694,17,56,74,0,149,124,0,0.059755863,8,8,0
E:\githubdocu\MASPro\train-ticket-master\ts-payment-service,88,40,13,90,15,0.21875,0.21875,36,1,27,0,1,8,36,0,0,0,21,2,0,16,0,5,2,0,1,217,11,0,3,0,0,51,12,32,1,44,1,1,0,0,252,12,7,21,0,37,28,1,-0.3125,21,21,0
E:\githubdocu\MASPro\train-ticket-master\ts-preserve-other-service\,168,95,29,245,11,0.120833334,0.120833334,58,1,48,8,1,1,50,0,0,0,145,4,1,144,0,0,4,0,10,751,37,0,30,1,2,127,50,160,17,245,6,12,0,0,692,28,44,145,1,59,49,1,-0.01547619,20,20,1
E:\githubdocu\MASPro\train-ticket-master\ts-preserve-service,168,94,30,244,11,0.117777779,0.117777779,57,1,47,8,1,1,49,0,0,0,148,4,1,147,0,0,4,0,10,747,36,0,30,1,2,129,46,158,17,245,6,11,0,0,686,29,44,148,1,58,48,0,-0.043678161,7,7,1
E:\githubdocu\MASPro\train-ticket-master\ts-price-service,90,58,12,114,23,0.425925927,0.425925927,50,1,40,0,1,9,50,0,0,0,26,2,0,19,0,7,2,0,14,374,19,0,6,0,0,89,40,58,0,63,2,1,0,0,362,11,13,26,0,51,41,1,-0.075757576,16,16,0
E:\githubdocu\MASPro\train-ticket-master\ts-rebook-service,123,121,21,185,38,0.272727275,0.272727275,55,2,41,11,1,2,44,0,0,0,88,2,0,87,0,1,2,0,15,698,49,0,37,0,7,120,59,187,15,200,7,5,0,0,551,20,15,88,0,56,42,1,0.05,25,25,0
E:\githubdocu\MASPro\train-ticket-master\ts-route-plan-service,102,69,17,132,10,0.266666668,0.266666668,43,1,34,5,1,3,38,0,0,0,60,2,0,60,0,0,2,0,5,491,17,14,6,0,0,57,31,141,9,166,4,10,0,0,433,16,13,60,0,44,35,1,0.020833333,15,15,0
E:\githubdocu\MASPro\train-ticket-master\ts-route-service,92,61,12,114,20,0.4375,0.4375,47,1,37,0,1,9,47,0,0,0,26,2,0,21,0,5,2,0,2,368,20,2,6,0,0,134,20,53,0,69,2,1,0,0,390,11,14,26,0,48,38,1,-0.318181818,17,17,0
E:\githubdocu\MASPro\train-ticket-master\ts-seat-service,99,51,14,98,9,0.387878789,0.387878789,34,1,29,2,1,2,32,0,0,0,32,2,0,31,0,1,2,0,1,447,14,4,5,0,1,97,24,146,19,130,3,16,0,0,367,13,27,32,0,35,30,1,0.056410256,10,10,0
E:\githubdocu\MASPro\train-ticket-master\ts-security-service,104,67,13,133,20,3.9666667,3.9666667,51,1,39,2,1,9,49,0,0,0,37,2,0,35,0,2,2,0,8,358,26,0,13,0,1,86,27,74,8,93,2,3,0,0,384,12,17,37,0,52,40,1,-0.247222222,15,15,0
E:\githubdocu\MASPro\train-ticket-master\ts-station-service,85,81,11,115,42,0.584064325,0.584064325,67,1,54,0,1,12,67,0,0,0,18,2,0,14,0,4,2,0,1,439,28,2,9,0,0,120,43,78,0,80,2,1,0,0,281,10,15,18,0,68,55,0,-0.167251462,5,5,0
E:\githubdocu\MASPro\train-ticket-master\ts-ticketinfo-service,84,34,13,59,9,0.400000002,0.400000002,29,1,26,0,1,2,29,0,0,0,33,1,0,32,0,1,1,0,0,204,9,0,0,0,0,28,2,50,2,51,1,1,0,0,243,12,2,33,0,30,27,1,0.0214,14,14,0
E:\githubdocu\MASPro\train-ticket-master\ts-train-service,80,59,11,93,17,0.475000005,0.475000005,49,1,40,0,1,8,49,0,0,0,16,2,0,14,0,2,2,0,0,335,19,0,6,0,0,76,22,61,1,62,2,1,0,0,260,10,9,16,0,50,41,0,-0.08,5,5,0
E:\githubdocu\MASPro\train-ticket-master\ts-travel2-service,163,144,24,203,68,0.449999998,0.449999998,105,2,83,6,1,15,99,0,0,0,99,2,0,87,0,12,2,0,6,951,53,3,22,0,0,200,66,234,20,259,5,6,0,0,657,23,40,99,0,106,84,0,0.031202046,6,6,1
E:\githubdocu\MASPro\train-ticket-master\ts-travel-plan-service,107,65,18,126,15,0.280555557,0.280555557,54,1,41,8,1,4,46,0,0,0,72,2,0,69,0,3,2,0,0,538,24,3,0,0,0,77,18,146,2,184,3,12,0,0,455,17,8,72,0,55,42,1,0.125490196,13,13,1
E:\githubdocu\MASPro\train-ticket-master\ts-travel-service,164,164,25,222,79,0.505299147,0.505299147,113,2,89,6,1,17,107,0,0,0,102,3,0,93,0,9,3,0,7,1035,56,5,29,1,0,210,67,248,24,277,6,5,1,0,681,23,43,107,0,116,91,0,-0.019978632,4,4,1
E:\githubdocu\MASPro\train-ticket-master\ts-user-service,103,59,13,135,21,0.041758246,0.056043959,50,1,39,1,1,9,49,0,0,0,34,3,0,33,1,0,3,0,11,336,22,0,8,0,0,90,27,64,10,90,2,2,0,0,361,12,21,34,0,51,40,0,-0.546703297,20,20,0
E:\githubdocu\MASPro\train-ticket-master\ts-verification-code-service,63,35,9,97,11,0.476190477,0.476190477,20,5,14,2,1,3,18,0,0,0,14,4,2,11,0,1,3,0,14,509,9,3,5,1,1,39,40,57,18,51,5,3,0,0,262,8,8,14,2,127,121,0,-0.292824074,5,5,0
